<?xml version="1.0" encoding="utf-8" standalone="yes" ?>
<testmodule starttime="2025-03-07 16:00:48" timestamp="   4.592664" verdicts="2_basic" measurementid="8313738e-797b-43eb-910a-253334e8577d">
  <testcase starttime="2025-03-07 16:00:48" timestamp="   4.592664">
    <teststep timestamp="   4.592664" level="0" type="user" ident="Sequence Started" result="na">Starting the sequence with a 1000ms delay.</teststep>
    <teststep timestamp="   4.892664" level="0" type="user" ident="" result="na">Step 1: Set Sleep</teststep>
    <teststep timestamp="   4.892664" level="0" type="user" ident="" result="na">Started vsmInfoTimer for cyclic sending.</teststep>
    <teststep timestamp="   5.192664" level="0" type="user" ident="" result="na">Step 2: Set SDS Steering validity to Valid</teststep>
    <teststep timestamp="   5.192664" level="0" type="user" ident="" result="na">Started primSteeringTimer and secSteeringTimer for cyclic sending.</teststep>
    <teststep timestamp="   5.492664" level="0" type="user" ident="" result="na">Step 3: Set Brake Validity to Valid</teststep>
    <teststep timestamp="   5.492664" level="0" type="user" ident="" result="na">Started vehMvmntInfoTimer for cyclic sending.</teststep>
    <teststep timestamp="   5.792664" level="0" type="user" ident="" result="na">Step 4: Set Park</teststep>
    <teststep timestamp="   6.092664" level="0" type="user" ident="" result="na">Step 5: Set Autonomous</teststep>
    <teststep timestamp="   6.392664" level="0" type="user" ident="" result="na">Step 2: Set SDS Steering validity to Valid</teststep>
    <teststep timestamp="   6.392664" level="0" type="user" ident="" result="na">Step 6: Set Steering Values</teststep>
    <teststep timestamp="   6.692664" level="0" type="user" ident="" result="na">Sequence Completed</teststep>
    <teststep timestamp="  12.592664" level="1" type="auto" ident="Resume reason" result="na">Elapsed time=8000ms (max=8000ms)</teststep>
    <teststep timestamp="  12.592664" type="user" ident="" result="fail">CF_807 Manual Test Overwrite Steering Failed.</teststep>
    <teststep timestamp="  12.592664" level="0" type="user" ident="Test Step" result="pass">indexofTest = 1</teststep>
    <verdict time="2025-03-07 16:00:56" timestamp="  12.592664" endtime="2025-03-07 16:00:56" endtimestamp="  12.592664" result="fail" />
    <title>CF_807_Manual_Test_Overwrite_Steering</title>
  </testcase>
  <testcase starttime="2025-03-07 16:00:56" timestamp="  12.592664">
    <teststep timestamp="  12.592664" type="user" ident="" result="pass">ISCS1 Extended Session Toggled</teststep>
    <teststep timestamp="  12.592664" type="user" ident="" result="pass">ISCS2 Extended Session Toggled</teststep>
    <teststep timestamp="  12.592664" type="user" ident="" result="pass">Request to read software version sent.</teststep>
    <teststep timestamp="  12.678107" level="1" type="auto" ident="Resume reason" result="na">Resumed on Diagnostics response from &apos;ISCS1&apos; Elapsed time=85.443078ms (max=5000ms)</teststep>
    <teststep timestamp="  12.678107" type="user" ident="" result="pass">Read Fault Codes:</teststep>
    <teststep timestamp="  12.678107" type="user" ident="" result="na">
      <tabularinfo>
        <description>ISCS1: //ISCS1/Base_Variant/FaultMemory_ReadAllIdentified/RDI_RDTCBSM_PR</description>
        <heading>
          <cell>Parameter</cell>
          <cell>Value</cell>
          <cell>Raw</cell>
        </heading>
        <row level="0">
          <cell>SID-PR</cell>
          <cell>0x59</cell>
          <cell>59 </cell>
        </row>
        <row level="0">
          <cell>ReportDtcByStatusMask</cell>
          <cell>0x02</cell>
          <cell>02 </cell>
        </row>
        <row level="0">
          <cell>DTCStatusAvailabilityMask</cell>
          <cell>0xFF</cell>
          <cell>ff </cell>
        </row>
        <row level="1">
          <cell>DTCStatusAvailabilityMask.Test failed</cell>
          <cell>true</cell>
          <cell>01 </cell>
        </row>
        <row level="1">
          <cell>DTCStatusAvailabilityMask.Test failed this monitoring cycle</cell>
          <cell>true</cell>
          <cell>01 </cell>
        </row>
        <row level="1">
          <cell>DTCStatusAvailabilityMask.Pending DTC</cell>
          <cell>true</cell>
          <cell>01 </cell>
        </row>
        <row level="1">
          <cell>DTCStatusAvailabilityMask.Confirmed DTC</cell>
          <cell>true</cell>
          <cell>01 </cell>
        </row>
        <row level="1">
          <cell>DTCStatusAvailabilityMask.Test not completed since last clear</cell>
          <cell>true</cell>
          <cell>01 </cell>
        </row>
        <row level="1">
          <cell>DTCStatusAvailabilityMask.Test failed since last clear</cell>
          <cell>true</cell>
          <cell>01 </cell>
        </row>
        <row level="1">
          <cell>DTCStatusAvailabilityMask.Test not completed this monitoring cycle</cell>
          <cell>true</cell>
          <cell>01 </cell>
        </row>
        <row level="1">
          <cell>DTCStatusAvailabilityMask.Warning indicator requested</cell>
          <cell>true</cell>
          <cell>01 </cell>
        </row>
        <row level="0">
          <cell>ListOfDTC</cell>
        </row>
        <row level="1">
          <cell>EndOfServiceIteration0</cell>
        </row>
        <row level="2">
          <cell>DTC</cell>
          <cell>ECU1LossOfCommwithCGW1</cell>
          <cell>c1 46 87 </cell>
        </row>
        <row level="2">
          <cell>StatusOfDTC</cell>
          <cell>0x23</cell>
          <cell>23 </cell>
        </row>
        <row level="3">
          <cell>StatusOfDTC.Test failed</cell>
          <cell>true</cell>
          <cell>01 </cell>
        </row>
        <row level="3">
          <cell>StatusOfDTC.Test failed this monitoring cycle</cell>
          <cell>true</cell>
          <cell>01 </cell>
        </row>
        <row level="3">
          <cell>StatusOfDTC.Pending DTC</cell>
          <cell>false</cell>
          <cell>00 </cell>
        </row>
        <row level="3">
          <cell>StatusOfDTC.Confirmed DTC</cell>
          <cell>false</cell>
          <cell>00 </cell>
        </row>
        <row level="3">
          <cell>StatusOfDTC.Test not completed since last clear</cell>
          <cell>false</cell>
          <cell>00 </cell>
        </row>
        <row level="3">
          <cell>StatusOfDTC.Test failed since last clear</cell>
          <cell>true</cell>
          <cell>01 </cell>
        </row>
        <row level="3">
          <cell>StatusOfDTC.Test not completed this monitoring cycle</cell>
          <cell>false</cell>
          <cell>00 </cell>
        </row>
        <row level="3">
          <cell>StatusOfDTC.Warning indicator requested</cell>
          <cell>false</cell>
          <cell>00 </cell>
        </row>
        <row level="1">
          <cell>EndOfServiceIteration1</cell>
        </row>
        <row level="2">
          <cell>DTC</cell>
          <cell>ECU1LossOfCommwithCGW2</cell>
          <cell>e1 46 87 </cell>
        </row>
        <row level="2">
          <cell>StatusOfDTC</cell>
          <cell>0x23</cell>
          <cell>23 </cell>
        </row>
        <row level="3">
          <cell>StatusOfDTC.Test failed</cell>
          <cell>true</cell>
          <cell>01 </cell>
        </row>
        <row level="3">
          <cell>StatusOfDTC.Test failed this monitoring cycle</cell>
          <cell>true</cell>
          <cell>01 </cell>
        </row>
        <row level="3">
          <cell>StatusOfDTC.Pending DTC</cell>
          <cell>false</cell>
          <cell>00 </cell>
        </row>
        <row level="3">
          <cell>StatusOfDTC.Confirmed DTC</cell>
          <cell>false</cell>
          <cell>00 </cell>
        </row>
        <row level="3">
          <cell>StatusOfDTC.Test not completed since last clear</cell>
          <cell>false</cell>
          <cell>00 </cell>
        </row>
        <row level="3">
          <cell>StatusOfDTC.Test failed since last clear</cell>
          <cell>true</cell>
          <cell>01 </cell>
        </row>
        <row level="3">
          <cell>StatusOfDTC.Test not completed this monitoring cycle</cell>
          <cell>false</cell>
          <cell>00 </cell>
        </row>
        <row level="3">
          <cell>StatusOfDTC.Warning indicator requested</cell>
          <cell>false</cell>
          <cell>00 </cell>
        </row>
        <row level="1">
          <cell>EndOfServiceIteration2</cell>
        </row>
        <row level="2">
          <cell>DTC</cell>
          <cell>ECUILossOfCommwithMK100</cell>
          <cell>e6 06 87 </cell>
        </row>
        <row level="2">
          <cell>StatusOfDTC</cell>
          <cell>0x23</cell>
          <cell>23 </cell>
        </row>
        <row level="3">
          <cell>StatusOfDTC.Test failed</cell>
          <cell>true</cell>
          <cell>01 </cell>
        </row>
        <row level="3">
          <cell>StatusOfDTC.Test failed this monitoring cycle</cell>
          <cell>true</cell>
          <cell>01 </cell>
        </row>
        <row level="3">
          <cell>StatusOfDTC.Pending DTC</cell>
          <cell>false</cell>
          <cell>00 </cell>
        </row>
        <row level="3">
          <cell>StatusOfDTC.Confirmed DTC</cell>
          <cell>false</cell>
          <cell>00 </cell>
        </row>
        <row level="3">
          <cell>StatusOfDTC.Test not completed since last clear</cell>
          <cell>false</cell>
          <cell>00 </cell>
        </row>
        <row level="3">
          <cell>StatusOfDTC.Test failed since last clear</cell>
          <cell>true</cell>
          <cell>01 </cell>
        </row>
        <row level="3">
          <cell>StatusOfDTC.Test not completed this monitoring cycle</cell>
          <cell>false</cell>
          <cell>00 </cell>
        </row>
        <row level="3">
          <cell>StatusOfDTC.Warning indicator requested</cell>
          <cell>false</cell>
          <cell>00 </cell>
        </row>
        <row level="1">
          <cell>EndOfServiceIteration3</cell>
        </row>
        <row level="2">
          <cell>DTC</cell>
          <cell>ECU1LossOfCommwithMKC1</cell>
          <cell>e6 05 87 </cell>
        </row>
        <row level="2">
          <cell>StatusOfDTC</cell>
          <cell>0x23</cell>
          <cell>23 </cell>
        </row>
        <row level="3">
          <cell>StatusOfDTC.Test failed</cell>
          <cell>true</cell>
          <cell>01 </cell>
        </row>
        <row level="3">
          <cell>StatusOfDTC.Test failed this monitoring cycle</cell>
          <cell>true</cell>
          <cell>01 </cell>
        </row>
        <row level="3">
          <cell>StatusOfDTC.Pending DTC</cell>
          <cell>false</cell>
          <cell>00 </cell>
        </row>
        <row level="3">
          <cell>StatusOfDTC.Confirmed DTC</cell>
          <cell>false</cell>
          <cell>00 </cell>
        </row>
        <row level="3">
          <cell>StatusOfDTC.Test not completed since last clear</cell>
          <cell>false</cell>
          <cell>00 </cell>
        </row>
        <row level="3">
          <cell>StatusOfDTC.Test failed since last clear</cell>
          <cell>true</cell>
          <cell>01 </cell>
        </row>
        <row level="3">
          <cell>StatusOfDTC.Test not completed this monitoring cycle</cell>
          <cell>false</cell>
          <cell>00 </cell>
        </row>
        <row level="3">
          <cell>StatusOfDTC.Warning indicator requested</cell>
          <cell>false</cell>
          <cell>00 </cell>
        </row>
        <row level="1">
          <cell>EndOfServiceIteration4</cell>
        </row>
        <row level="2">
          <cell>DTC</cell>
          <cell>ECU1LossOfCommwithSDS_Primary</cell>
          <cell>e6 22 87 </cell>
        </row>
        <row level="2">
          <cell>StatusOfDTC</cell>
          <cell>0x23</cell>
          <cell>23 </cell>
        </row>
        <row level="3">
          <cell>StatusOfDTC.Test failed</cell>
          <cell>true</cell>
          <cell>01 </cell>
        </row>
        <row level="3">
          <cell>StatusOfDTC.Test failed this monitoring cycle</cell>
          <cell>true</cell>
          <cell>01 </cell>
        </row>
        <row level="3">
          <cell>StatusOfDTC.Pending DTC</cell>
          <cell>false</cell>
          <cell>00 </cell>
        </row>
        <row level="3">
          <cell>StatusOfDTC.Confirmed DTC</cell>
          <cell>false</cell>
          <cell>00 </cell>
        </row>
        <row level="3">
          <cell>StatusOfDTC.Test not completed since last clear</cell>
          <cell>false</cell>
          <cell>00 </cell>
        </row>
        <row level="3">
          <cell>StatusOfDTC.Test failed since last clear</cell>
          <cell>true</cell>
          <cell>01 </cell>
        </row>
        <row level="3">
          <cell>StatusOfDTC.Test not completed this monitoring cycle</cell>
          <cell>false</cell>
          <cell>00 </cell>
        </row>
        <row level="3">
          <cell>StatusOfDTC.Warning indicator requested</cell>
          <cell>false</cell>
          <cell>00 </cell>
        </row>
        <row level="1">
          <cell>EndOfServiceIteration5</cell>
        </row>
        <row level="2">
          <cell>DTC</cell>
          <cell>ECU1LossOfCommwithSDS_Secondary</cell>
          <cell>e6 23 87 </cell>
        </row>
        <row level="2">
          <cell>StatusOfDTC</cell>
          <cell>0x23</cell>
          <cell>23 </cell>
        </row>
        <row level="3">
          <cell>StatusOfDTC.Test failed</cell>
          <cell>true</cell>
          <cell>01 </cell>
        </row>
        <row level="3">
          <cell>StatusOfDTC.Test failed this monitoring cycle</cell>
          <cell>true</cell>
          <cell>01 </cell>
        </row>
        <row level="3">
          <cell>StatusOfDTC.Pending DTC</cell>
          <cell>false</cell>
          <cell>00 </cell>
        </row>
        <row level="3">
          <cell>StatusOfDTC.Confirmed DTC</cell>
          <cell>false</cell>
          <cell>00 </cell>
        </row>
        <row level="3">
          <cell>StatusOfDTC.Test not completed since last clear</cell>
          <cell>false</cell>
          <cell>00 </cell>
        </row>
        <row level="3">
          <cell>StatusOfDTC.Test failed since last clear</cell>
          <cell>true</cell>
          <cell>01 </cell>
        </row>
        <row level="3">
          <cell>StatusOfDTC.Test not completed this monitoring cycle</cell>
          <cell>false</cell>
          <cell>00 </cell>
        </row>
        <row level="3">
          <cell>StatusOfDTC.Warning indicator requested</cell>
          <cell>false</cell>
          <cell>00 </cell>
        </row>
        <row level="1">
          <cell>EndOfServiceIteration6</cell>
        </row>
        <row level="2">
          <cell>DTC</cell>
          <cell>ECU1LossOfCommwithVCU</cell>
          <cell>e6 30 87 </cell>
        </row>
        <row level="2">
          <cell>StatusOfDTC</cell>
          <cell>0x23</cell>
          <cell>23 </cell>
        </row>
        <row level="3">
          <cell>StatusOfDTC.Test failed</cell>
          <cell>true</cell>
          <cell>01 </cell>
        </row>
        <row level="3">
          <cell>StatusOfDTC.Test failed this monitoring cycle</cell>
          <cell>true</cell>
          <cell>01 </cell>
        </row>
        <row level="3">
          <cell>StatusOfDTC.Pending DTC</cell>
          <cell>false</cell>
          <cell>00 </cell>
        </row>
        <row level="3">
          <cell>StatusOfDTC.Confirmed DTC</cell>
          <cell>false</cell>
          <cell>00 </cell>
        </row>
        <row level="3">
          <cell>StatusOfDTC.Test not completed since last clear</cell>
          <cell>false</cell>
          <cell>00 </cell>
        </row>
        <row level="3">
          <cell>StatusOfDTC.Test failed since last clear</cell>
          <cell>true</cell>
          <cell>01 </cell>
        </row>
        <row level="3">
          <cell>StatusOfDTC.Test not completed this monitoring cycle</cell>
          <cell>false</cell>
          <cell>00 </cell>
        </row>
        <row level="3">
          <cell>StatusOfDTC.Warning indicator requested</cell>
          <cell>false</cell>
          <cell>00 </cell>
        </row>
        <row level="1">
          <cell>EndOfServiceIteration7</cell>
        </row>
        <row level="2">
          <cell>DTC</cell>
          <cell>ECU1 Power Supply-Low Voltage</cell>
          <cell>53 00 16 </cell>
        </row>
        <row level="2">
          <cell>StatusOfDTC</cell>
          <cell>0x22</cell>
          <cell>22 </cell>
        </row>
        <row level="3">
          <cell>StatusOfDTC.Test failed</cell>
          <cell>false</cell>
          <cell>00 </cell>
        </row>
        <row level="3">
          <cell>StatusOfDTC.Test failed this monitoring cycle</cell>
          <cell>true</cell>
          <cell>01 </cell>
        </row>
        <row level="3">
          <cell>StatusOfDTC.Pending DTC</cell>
          <cell>false</cell>
          <cell>00 </cell>
        </row>
        <row level="3">
          <cell>StatusOfDTC.Confirmed DTC</cell>
          <cell>false</cell>
          <cell>00 </cell>
        </row>
        <row level="3">
          <cell>StatusOfDTC.Test not completed since last clear</cell>
          <cell>false</cell>
          <cell>00 </cell>
        </row>
        <row level="3">
          <cell>StatusOfDTC.Test failed since last clear</cell>
          <cell>true</cell>
          <cell>01 </cell>
        </row>
        <row level="3">
          <cell>StatusOfDTC.Test not completed this monitoring cycle</cell>
          <cell>false</cell>
          <cell>00 </cell>
        </row>
        <row level="3">
          <cell>StatusOfDTC.Warning indicator requested</cell>
          <cell>false</cell>
          <cell>00 </cell>
        </row>
        <row level="1">
          <cell>EndOfServiceIteration8</cell>
        </row>
        <row level="2">
          <cell>DTC</cell>
          <cell>ECU1 Power Supply-Over Voltage</cell>
          <cell>53 02 17 </cell>
        </row>
        <row level="2">
          <cell>StatusOfDTC</cell>
          <cell>0x22</cell>
          <cell>22 </cell>
        </row>
        <row level="3">
          <cell>StatusOfDTC.Test failed</cell>
          <cell>false</cell>
          <cell>00 </cell>
        </row>
        <row level="3">
          <cell>StatusOfDTC.Test failed this monitoring cycle</cell>
          <cell>true</cell>
          <cell>01 </cell>
        </row>
        <row level="3">
          <cell>StatusOfDTC.Pending DTC</cell>
          <cell>false</cell>
          <cell>00 </cell>
        </row>
        <row level="3">
          <cell>StatusOfDTC.Confirmed DTC</cell>
          <cell>false</cell>
          <cell>00 </cell>
        </row>
        <row level="3">
          <cell>StatusOfDTC.Test not completed since last clear</cell>
          <cell>false</cell>
          <cell>00 </cell>
        </row>
        <row level="3">
          <cell>StatusOfDTC.Test failed since last clear</cell>
          <cell>true</cell>
          <cell>01 </cell>
        </row>
        <row level="3">
          <cell>StatusOfDTC.Test not completed this monitoring cycle</cell>
          <cell>false</cell>
          <cell>00 </cell>
        </row>
        <row level="3">
          <cell>StatusOfDTC.Warning indicator requested</cell>
          <cell>false</cell>
          <cell>00 </cell>
        </row>
        <row level="1">
          <cell>EndOfServiceIteration9</cell>
        </row>
        <row level="2">
          <cell>DTC</cell>
          <cell>ECU1 Power Supply-Under Voltage</cell>
          <cell>53 01 16 </cell>
        </row>
        <row level="2">
          <cell>StatusOfDTC</cell>
          <cell>0x20</cell>
          <cell>20 </cell>
        </row>
        <row level="3">
          <cell>StatusOfDTC.Test failed</cell>
          <cell>false</cell>
          <cell>00 </cell>
        </row>
        <row level="3">
          <cell>StatusOfDTC.Test failed this monitoring cycle</cell>
          <cell>false</cell>
          <cell>00 </cell>
        </row>
        <row level="3">
          <cell>StatusOfDTC.Pending DTC</cell>
          <cell>false</cell>
          <cell>00 </cell>
        </row>
        <row level="3">
          <cell>StatusOfDTC.Confirmed DTC</cell>
          <cell>false</cell>
          <cell>00 </cell>
        </row>
        <row level="3">
          <cell>StatusOfDTC.Test not completed since last clear</cell>
          <cell>false</cell>
          <cell>00 </cell>
        </row>
        <row level="3">
          <cell>StatusOfDTC.Test failed since last clear</cell>
          <cell>true</cell>
          <cell>01 </cell>
        </row>
        <row level="3">
          <cell>StatusOfDTC.Test not completed this monitoring cycle</cell>
          <cell>false</cell>
          <cell>00 </cell>
        </row>
        <row level="3">
          <cell>StatusOfDTC.Warning indicator requested</cell>
          <cell>false</cell>
          <cell>00 </cell>
        </row>
        <row level="1">
          <cell>EndOfServiceIteration10</cell>
        </row>
        <row level="2">
          <cell>DTC</cell>
          <cell>ECU1 failure: Improper Shutdown</cell>
          <cell>53 1a 01 </cell>
        </row>
        <row level="2">
          <cell>StatusOfDTC</cell>
          <cell>0x23</cell>
          <cell>23 </cell>
        </row>
        <row level="3">
          <cell>StatusOfDTC.Test failed</cell>
          <cell>true</cell>
          <cell>01 </cell>
        </row>
        <row level="3">
          <cell>StatusOfDTC.Test failed this monitoring cycle</cell>
          <cell>true</cell>
          <cell>01 </cell>
        </row>
        <row level="3">
          <cell>StatusOfDTC.Pending DTC</cell>
          <cell>false</cell>
          <cell>00 </cell>
        </row>
        <row level="3">
          <cell>StatusOfDTC.Confirmed DTC</cell>
          <cell>false</cell>
          <cell>00 </cell>
        </row>
        <row level="3">
          <cell>StatusOfDTC.Test not completed since last clear</cell>
          <cell>false</cell>
          <cell>00 </cell>
        </row>
        <row level="3">
          <cell>StatusOfDTC.Test failed since last clear</cell>
          <cell>true</cell>
          <cell>01 </cell>
        </row>
        <row level="3">
          <cell>StatusOfDTC.Test not completed this monitoring cycle</cell>
          <cell>false</cell>
          <cell>00 </cell>
        </row>
        <row level="3">
          <cell>StatusOfDTC.Warning indicator requested</cell>
          <cell>false</cell>
          <cell>00 </cell>
        </row>
      </tabularinfo>
    </teststep>
    <teststep timestamp="  12.678107" type="user" ident="" result="pass">Request to read software version sent.</teststep>
    <teststep timestamp="  12.688895" level="1" type="auto" ident="Resume reason" result="na">Resumed on Diagnostics response from &apos;ISCS1&apos; Elapsed time=10.787885ms (max=5000ms)</teststep>
    <teststep timestamp="  12.688895" type="user" ident="" result="pass">Read SW Version:</teststep>
    <teststep timestamp="  12.688895" type="user" ident="" result="na">
      <tabularinfo>
        <description>ISCS1: //ISCS1/Base_Variant/Application_Software_Identification_Read/RDBI_PR</description>
        <heading>
          <cell>Parameter</cell>
          <cell>Value</cell>
          <cell>Raw</cell>
        </heading>
        <row level="0">
          <cell>Error: Transferred data too short!</cell>
        </row>
        <row level="0">
          <cell>SID-PR</cell>
          <cell>0x62</cell>
          <cell>62 </cell>
        </row>
        <row level="0">
          <cell>Identifier</cell>
          <cell>0xF181</cell>
          <cell>f1 81 </cell>
        </row>
        <row level="0">
          <cell>Major Version</cell>
          <cell>..</cell>
          <cell>03 01 </cell>
        </row>
        <row level="0">
          <cell>Delimiter</cell>
          <cell>.</cell>
          <cell>01 </cell>
        </row>
        <row level="0">
          <cell>Minor Version</cell>
          <cell></cell>
          <cell>00 00 </cell>
        </row>
        <row level="0">
          <cell>Delimiter 1</cell>
          <cell>.</cell>
          <cell>2e </cell>
        </row>
        <row level="0">
          <cell>Patch Version</cell>
          <cell></cell>
          <cell>00 00 </cell>
        </row>
        <heading>
          <cell>Error interpreting service data! See hex dump:</cell>
          <cell></cell>
          <cell></cell>
        </heading>
        <row level="0">
          <cell>0000: 62 f1 81 03 01 01 </cell>
        </row>
      </tabularinfo>
    </teststep>
    <teststep timestamp="  12.688895" type="user" ident="" result="pass">ASCII Print of DTCs:</teststep>
    <teststep timestamp="  12.688895" level="0" type="user" ident="Bytes in ASCII" result="pass">\x00\x00\x00\x00\x00\x00\x00\x00\x00\x00\x00\x00\x00\x00\x00\x00\x00\x00\x00\x00\x00\x00\x00\x00\x00\x00\x00\x00\x00\x00\x00\x00\x00\x00\x00\x00\x00\x00\x00\x00\x00\x00\x00\x00\x00\x00\x00</teststep>
    <teststep timestamp="  12.688895" level="0" type="user" ident="" result="fail">Negative response received. NRC: 0x81</teststep>
    <verdict time="2025-03-07 16:00:56" timestamp="  12.688895" endtime="2025-03-07 16:00:56" endtimestamp="  12.688895" result="fail" />
    <title>readDTCsSteering</title>
  </testcase>
  <testcase starttime="2025-03-07 16:00:56" timestamp="  12.688895">
    <teststep timestamp="  12.688895" level="0" type="user" ident="Sequence Started" result="na">Starting the sequence with a 1000ms delay.</teststep>
    <teststep timestamp="  12.988895" level="0" type="user" ident="" result="na">Step 1: Set Sleep</teststep>
    <teststep timestamp="  12.988895" level="0" type="user" ident="" result="na">Started vsmInfoTimer for cyclic sending.</teststep>
    <teststep timestamp="  13.288895" level="0" type="user" ident="" result="na">Step 2: Set SDS Steering validity to Valid</teststep>
    <teststep timestamp="  13.288895" level="0" type="user" ident="" result="na">Started primSteeringTimer and secSteeringTimer for cyclic sending.</teststep>
    <teststep timestamp="  13.588895" level="0" type="user" ident="" result="na">Step 3: Set Brake Validity to Valid</teststep>
    <teststep timestamp="  13.588895" level="0" type="user" ident="" result="na">Started vehMvmntInfoTimer for cyclic sending.</teststep>
    <teststep timestamp="  13.888895" level="0" type="user" ident="" result="na">Step 4: Set Park</teststep>
    <teststep timestamp="  14.188895" level="0" type="user" ident="" result="na">Step 5: Set Autonomous</teststep>
    <teststep timestamp="  14.488895" level="0" type="user" ident="" result="na">Step 2: Set SDS Steering validity to Valid</teststep>
    <teststep timestamp="  14.488895" level="0" type="user" ident="" result="na">Step 6: Set Steering Values</teststep>
    <teststep timestamp="  14.788895" level="0" type="user" ident="" result="na">Sequence Completed</teststep>
    <teststep timestamp="  20.688895" level="1" type="auto" ident="Resume reason" result="na">Elapsed time=8000ms (max=8000ms)</teststep>
    <teststep timestamp="  20.688895" level="0" type="user" ident="Test Step" result="pass">indexofTest = 1</teststep>
    <verdict time="2025-03-07 16:00:56" timestamp="  12.688895" endtime="2025-03-07 16:01:04" endtimestamp="  20.688895" result="pass" />
    <title>SteeringFastTrack</title>
  </testcase>
  <testcase starttime="2025-03-07 16:01:04" timestamp="  20.688895">
    <teststep timestamp="  20.688895" level="0" type="user" ident="Sequence Started" result="na">Starting the sequence with a 1000ms delay.</teststep>
    <teststep timestamp="  20.988895" level="0" type="user" ident="" result="na">Step 1: Set Sleep</teststep>
    <teststep timestamp="  20.988895" level="0" type="user" ident="" result="na">Started vsmInfoTimer for cyclic sending.</teststep>
    <teststep timestamp="  21.288895" level="0" type="user" ident="" result="na">Step 2: Set SDS Steering validity to Valid</teststep>
    <teststep timestamp="  21.288895" level="0" type="user" ident="" result="na">Started primSteeringTimer and secSteeringTimer for cyclic sending.</teststep>
    <teststep timestamp="  21.588895" level="0" type="user" ident="" result="na">Step 3: Set Brake Validity to Valid</teststep>
    <teststep timestamp="  21.588895" level="0" type="user" ident="" result="na">Started vehMvmntInfoTimer for cyclic sending.</teststep>
    <teststep timestamp="  21.888895" level="0" type="user" ident="" result="na">Step 4: Set Park</teststep>
    <teststep timestamp="  22.188895" level="0" type="user" ident="" result="na">Step 5: Set Autonomous</teststep>
    <teststep timestamp="  22.488895" level="0" type="user" ident="" result="na">Step 2: Set SDS Steering validity to Valid</teststep>
    <teststep timestamp="  22.488895" level="0" type="user" ident="" result="na">Step 6: Set Steering Values</teststep>
    <teststep timestamp="  22.788895" level="0" type="user" ident="" result="na">Sequence Completed</teststep>
    <teststep timestamp="  28.688895" level="1" type="auto" ident="Resume reason" result="na">Elapsed time=8000ms (max=8000ms)</teststep>
    <teststep timestamp="  28.688895" type="user" ident="" result="pass">EE_REQ_3748 Autonomous Steering Mode Passed!</teststep>
    <teststep timestamp="  28.688895" level="0" type="user" ident="Test Step" result="pass">indexofTest = 2</teststep>
    <verdict time="2025-03-07 16:01:04" timestamp="  20.688895" endtime="2025-03-07 16:01:12" endtimestamp="  28.688895" result="pass" />
    <title>EE_REQ_3748</title>
  </testcase>
  <testcase starttime="2025-03-07 16:01:12" timestamp="  28.688895">
    <teststep timestamp="  28.688895" level="0" type="user" ident="Sequence Started" result="na">Starting the sequence with a 1000ms delay.</teststep>
    <teststep timestamp="  28.988895" level="0" type="user" ident="" result="na">Step 1: Set Sleep</teststep>
    <teststep timestamp="  28.988895" level="0" type="user" ident="" result="na">Started vsmInfoTimer for cyclic sending.</teststep>
    <teststep timestamp="  29.288895" level="0" type="user" ident="" result="na">Step 2: Set SDS Steering validity to Valid</teststep>
    <teststep timestamp="  29.288895" level="0" type="user" ident="" result="na">Started primSteeringTimer and secSteeringTimer for cyclic sending.</teststep>
    <teststep timestamp="  29.588895" level="0" type="user" ident="" result="na">Step 3: Set Brake Validity to Valid</teststep>
    <teststep timestamp="  29.588895" level="0" type="user" ident="" result="na">Started vehMvmntInfoTimer for cyclic sending.</teststep>
    <teststep timestamp="  29.888895" level="0" type="user" ident="" result="na">Step 4: Set Park</teststep>
    <teststep timestamp="  30.188895" level="0" type="user" ident="" result="na">Step 5: Set Autonomous</teststep>
    <teststep timestamp="  30.488895" level="0" type="user" ident="" result="na">Step 2: Set SDS Steering validity to Valid</teststep>
    <teststep timestamp="  30.488895" level="0" type="user" ident="" result="na">Step 6: Set Steering Values</teststep>
    <teststep timestamp="  30.788895" level="0" type="user" ident="" result="na">Sequence Completed</teststep>
    <teststep timestamp="  36.688895" level="1" type="auto" ident="Resume reason" result="na">Elapsed time=8000ms (max=8000ms)</teststep>
    <teststep timestamp="  36.688895" type="user" ident="" result="pass">EE_REQ_11585 Hands on detection Passed!</teststep>
    <teststep timestamp="  36.688895" level="0" type="user" ident="Test Step" result="pass">indexofTest = 3</teststep>
    <verdict time="2025-03-07 16:01:12" timestamp="  28.688895" endtime="2025-03-07 16:01:20" endtimestamp="  36.688895" result="pass" />
    <title>EE_REQ_11585</title>
  </testcase>
  <testcase starttime="2025-03-07 16:01:20" timestamp="  36.688895">
    <teststep timestamp="  36.688895" level="0" type="user" ident="Sequence Started" result="na">Starting the sequence with a 1000ms delay.</teststep>
    <teststep timestamp="  36.988895" level="0" type="user" ident="" result="na">Step 1: Set Sleep</teststep>
    <teststep timestamp="  36.988895" level="0" type="user" ident="" result="na">Started vsmInfoTimer for cyclic sending.</teststep>
    <teststep timestamp="  37.288895" level="0" type="user" ident="" result="na">Step 2: Set SDS Steering validity to Valid</teststep>
    <teststep timestamp="  37.288895" level="0" type="user" ident="" result="na">Started primSteeringTimer and secSteeringTimer for cyclic sending.</teststep>
    <teststep timestamp="  37.588895" level="0" type="user" ident="" result="na">Step 3: Set Brake Validity to Valid</teststep>
    <teststep timestamp="  37.588895" level="0" type="user" ident="" result="na">Started vehMvmntInfoTimer for cyclic sending.</teststep>
    <teststep timestamp="  37.888895" level="0" type="user" ident="" result="na">Step 4: Set Park</teststep>
    <teststep timestamp="  38.188895" level="0" type="user" ident="" result="na">Step 5: Set Autonomous</teststep>
    <teststep timestamp="  38.488895" level="0" type="user" ident="" result="na">Step 2: Set SDS Steering validity to Valid</teststep>
    <teststep timestamp="  38.488895" level="0" type="user" ident="" result="na">Step 6: Set Steering Values</teststep>
    <teststep timestamp="  38.788895" level="0" type="user" ident="" result="na">Sequence Completed</teststep>
    <teststep timestamp="  44.688895" level="1" type="auto" ident="Resume reason" result="na">Elapsed time=8000ms (max=8000ms)</teststep>
    <teststep timestamp="  44.688895" type="user" ident="" result="pass">EE_REQ_11583 Human Intervention Flag ECU 1 Passed!</teststep>
    <teststep timestamp="  44.688895" level="0" type="user" ident="Test Step" result="pass">indexofTest = 4</teststep>
    <verdict time="2025-03-07 16:01:20" timestamp="  36.688895" endtime="2025-03-07 16:01:28" endtimestamp="  44.688895" result="pass" />
    <title>EE_REQ_11583</title>
  </testcase>
  <testcase starttime="2025-03-07 16:01:28" timestamp="  44.688895">
    <teststep timestamp="  44.688895" level="0" type="user" ident="Sequence Started" result="na">Starting the sequence with a 1000ms delay.</teststep>
    <teststep timestamp="  44.988895" level="0" type="user" ident="" result="na">Step 1: Set Sleep</teststep>
    <teststep timestamp="  44.988895" level="0" type="user" ident="" result="na">Started vsmInfoTimer for cyclic sending.</teststep>
    <teststep timestamp="  45.288895" level="0" type="user" ident="" result="na">Step 2: Set SDS Steering validity to Valid</teststep>
    <teststep timestamp="  45.288895" level="0" type="user" ident="" result="na">Started primSteeringTimer and secSteeringTimer for cyclic sending.</teststep>
    <teststep timestamp="  45.588895" level="0" type="user" ident="" result="na">Step 3: Set Brake Validity to Valid</teststep>
    <teststep timestamp="  45.588895" level="0" type="user" ident="" result="na">Started vehMvmntInfoTimer for cyclic sending.</teststep>
    <teststep timestamp="  45.888895" level="0" type="user" ident="" result="na">Step 4: Set Park</teststep>
    <teststep timestamp="  46.188895" level="0" type="user" ident="" result="na">Step 5: Set Autonomous</teststep>
    <teststep timestamp="  46.488895" level="0" type="user" ident="" result="na">Step 2: Set SDS Steering validity to Valid</teststep>
    <teststep timestamp="  46.488895" level="0" type="user" ident="" result="na">Step 6: Set Steering Values</teststep>
    <teststep timestamp="  46.788895" level="0" type="user" ident="" result="na">Sequence Completed</teststep>
    <teststep timestamp="  52.688895" level="1" type="auto" ident="Resume reason" result="na">Elapsed time=8000ms (max=8000ms)</teststep>
    <teststep timestamp="  52.688895" type="user" ident="" result="pass">EE_REQ_11585 Human Intervention Flag ECU 2 Passed!</teststep>
    <teststep timestamp="  52.688895" level="0" type="user" ident="Test Step" result="pass">indexofTest = 5</teststep>
    <verdict time="2025-03-07 16:01:28" timestamp="  44.688895" endtime="2025-03-07 16:01:36" endtimestamp="  52.688895" result="pass" />
    <title>EE_REQ_18859</title>
  </testcase>
  <testcase starttime="2025-03-07 16:01:36" timestamp="  52.688895">
    <teststep timestamp="  52.688895" level="0" type="user" ident="Sequence Started" result="na">Starting the sequence with a 1000ms delay.</teststep>
    <teststep timestamp="  52.988895" level="0" type="user" ident="" result="na">Step 1: Set Sleep</teststep>
    <teststep timestamp="  52.988895" level="0" type="user" ident="" result="na">Started vsmInfoTimer for cyclic sending.</teststep>
    <teststep timestamp="  53.288895" level="0" type="user" ident="" result="na">Step 2: Set SDS Steering validity to Valid</teststep>
    <teststep timestamp="  53.288895" level="0" type="user" ident="" result="na">Started primSteeringTimer and secSteeringTimer for cyclic sending.</teststep>
    <teststep timestamp="  53.588895" level="0" type="user" ident="" result="na">Step 3: Set Brake Validity to Valid</teststep>
    <teststep timestamp="  53.588895" level="0" type="user" ident="" result="na">Started vehMvmntInfoTimer for cyclic sending.</teststep>
    <teststep timestamp="  53.888895" level="0" type="user" ident="" result="na">Step 4: Set Park</teststep>
    <teststep timestamp="  54.188895" level="0" type="user" ident="" result="na">Step 5: Set Autonomous</teststep>
    <teststep timestamp="  54.488895" level="0" type="user" ident="" result="na">Step 2: Set SDS Steering validity to Valid</teststep>
    <teststep timestamp="  54.488895" level="0" type="user" ident="" result="na">Step 6: Set Steering Values</teststep>
    <teststep timestamp="  54.788895" level="0" type="user" ident="" result="na">Sequence Completed</teststep>
    <teststep timestamp="  60.688895" level="1" type="auto" ident="Resume reason" result="na">Elapsed time=8000ms (max=8000ms)</teststep>
    <teststep timestamp="  60.688895" type="user" ident="" result="pass">EE_REQ_11586 Manual override recognition Passed!</teststep>
    <teststep timestamp="  60.688895" level="0" type="user" ident="Test Step" result="pass">indexofTest = 6</teststep>
    <verdict time="2025-03-07 16:01:36" timestamp="  52.688895" endtime="2025-03-07 16:01:44" endtimestamp="  60.688895" result="pass" />
    <title>EE_REQ_11586</title>
  </testcase>
  <testcase starttime="2025-03-07 16:01:44" timestamp="  60.688895">
    <teststep timestamp="  60.688895" level="0" type="user" ident="Sequence Started" result="na">Starting the sequence with a 1000ms delay.</teststep>
    <teststep timestamp="  60.988895" level="0" type="user" ident="" result="na">Step 1: Set Sleep</teststep>
    <teststep timestamp="  60.988895" level="0" type="user" ident="" result="na">Started vsmInfoTimer for cyclic sending.</teststep>
    <teststep timestamp="  61.288895" level="0" type="user" ident="" result="na">Step 2: Set SDS Steering validity to Valid</teststep>
    <teststep timestamp="  61.288895" level="0" type="user" ident="" result="na">Started primSteeringTimer and secSteeringTimer for cyclic sending.</teststep>
    <teststep timestamp="  61.588895" level="0" type="user" ident="" result="na">Step 3: Set Brake Validity to Valid</teststep>
    <teststep timestamp="  61.588895" level="0" type="user" ident="" result="na">Started vehMvmntInfoTimer for cyclic sending.</teststep>
    <teststep timestamp="  61.888895" level="0" type="user" ident="" result="na">Step 4: Set Park</teststep>
    <teststep timestamp="  62.188895" level="0" type="user" ident="" result="na">Step 5: Set Autonomous</teststep>
    <teststep timestamp="  62.488895" level="0" type="user" ident="" result="na">Step 2: Set SDS Steering validity to Valid</teststep>
    <teststep timestamp="  62.488895" level="0" type="user" ident="" result="na">Step 6: Set Steering Values</teststep>
    <teststep timestamp="  62.788895" level="0" type="user" ident="" result="na">Sequence Completed</teststep>
    <teststep timestamp="  68.688895" level="1" type="auto" ident="Resume reason" result="na">Elapsed time=8000ms (max=8000ms)</teststep>
    <teststep timestamp="  68.688895" type="user" ident="" result="pass">EE_REQ_3745  Steer By wire Passed!</teststep>
    <teststep timestamp="  68.688895" level="0" type="user" ident="Test Step" result="pass">indexofTest = 7</teststep>
    <verdict time="2025-03-07 16:01:44" timestamp="  60.688895" endtime="2025-03-07 16:01:52" endtimestamp="  68.688895" result="pass" />
    <title>EE_REQ_3745</title>
  </testcase>
  <testcase starttime="2025-03-07 16:01:52" timestamp="  68.688895">
    <teststep timestamp="  68.688895" level="0" type="user" ident="Sequence Started" result="na">Starting the sequence with a 1000ms delay.</teststep>
    <teststep timestamp="  68.988895" level="0" type="user" ident="" result="na">Step 1: Set Sleep</teststep>
    <teststep timestamp="  68.988895" level="0" type="user" ident="" result="na">Started vsmInfoTimer for cyclic sending.</teststep>
    <teststep timestamp="  69.288895" level="0" type="user" ident="" result="na">Step 2: Set SDS Steering validity to Valid</teststep>
    <teststep timestamp="  69.288895" level="0" type="user" ident="" result="na">Started primSteeringTimer and secSteeringTimer for cyclic sending.</teststep>
    <teststep timestamp="  69.588895" level="0" type="user" ident="" result="na">Step 3: Set Brake Validity to Valid</teststep>
    <teststep timestamp="  69.588895" level="0" type="user" ident="" result="na">Started vehMvmntInfoTimer for cyclic sending.</teststep>
    <teststep timestamp="  69.888895" level="0" type="user" ident="" result="na">Step 4: Set Park</teststep>
    <teststep timestamp="  70.188895" level="0" type="user" ident="" result="na">Step 5: Set Autonomous</teststep>
    <teststep timestamp="  70.488895" level="0" type="user" ident="" result="na">Step 2: Set SDS Steering validity to Valid</teststep>
    <teststep timestamp="  70.488895" level="0" type="user" ident="" result="na">Step 6: Set Steering Values</teststep>
    <teststep timestamp="  70.788895" level="0" type="user" ident="" result="na">Sequence Completed</teststep>
    <teststep timestamp="  76.688895" level="1" type="auto" ident="Resume reason" result="na">Elapsed time=8000ms (max=8000ms)</teststep>
    <teststep timestamp="  76.688895" type="user" ident="" result="pass">EE_REQ_2087  Steering By wire Commands Passed!</teststep>
    <teststep timestamp="  76.688895" level="0" type="user" ident="Test Step" result="pass">indexofTest = 8</teststep>
    <verdict time="2025-03-07 16:01:52" timestamp="  68.688895" endtime="2025-03-07 16:02:00" endtimestamp="  76.688895" result="pass" />
    <title>EE_REQ_2087</title>
  </testcase>
  <testcase starttime="2025-03-07 16:02:00" timestamp="  76.688895">
    <teststep timestamp="  76.688895" type="user" ident="" result="pass">EE_REQ_15304  Lost of VSM Status Passed!</teststep>
    <teststep timestamp="  76.688895" level="0" type="user" ident="Test Step" result="pass">indexofTest = 9</teststep>
    <verdict time="2025-03-07 16:02:00" timestamp="  76.688895" endtime="2025-03-07 16:02:00" endtimestamp="  76.688895" result="pass" />
    <title>EE_REQ_15304</title>
  </testcase>
  <testcase starttime="2025-03-07 16:02:00" timestamp="  76.688895">
    <teststep timestamp="  76.688895" level="0" type="user" ident="Sequence Started" result="na">Starting the sequence with a 1000ms delay.</teststep>
    <teststep timestamp="  76.988895" level="0" type="user" ident="" result="na">Step 1: Set Sleep</teststep>
    <teststep timestamp="  76.988895" level="0" type="user" ident="" result="na">Started vsmInfoTimer for cyclic sending.</teststep>
    <teststep timestamp="  77.288895" level="0" type="user" ident="" result="na">Step 2: Set SDS Steering validity to Valid</teststep>
    <teststep timestamp="  77.288895" level="0" type="user" ident="" result="na">Started primSteeringTimer and secSteeringTimer for cyclic sending.</teststep>
    <teststep timestamp="  77.588895" level="0" type="user" ident="" result="na">Step 3: Set Brake Validity to Valid</teststep>
    <teststep timestamp="  77.588895" level="0" type="user" ident="" result="na">Started vehMvmntInfoTimer for cyclic sending.</teststep>
    <teststep timestamp="  77.888895" level="0" type="user" ident="" result="na">Step 4: Set Park</teststep>
    <teststep timestamp="  78.188895" level="0" type="user" ident="" result="na">Step 5: Set Autonomous</teststep>
    <teststep timestamp="  78.488895" level="0" type="user" ident="" result="na">Step 2: Set SDS Steering validity to Valid</teststep>
    <teststep timestamp="  78.488895" level="0" type="user" ident="" result="na">Step 6: Set Steering Values</teststep>
    <teststep timestamp="  78.788895" level="0" type="user" ident="" result="na">Sequence Completed</teststep>
    <teststep timestamp="  84.688895" level="1" type="auto" ident="Resume reason" result="na">Elapsed time=8000ms (max=8000ms)</teststep>
    <teststep timestamp="  84.688895" type="user" ident="" result="pass">EE_REQ_2034   Maintaining Steering Angle Passed!</teststep>
    <teststep timestamp="  84.688895" level="0" type="user" ident="Test Step" result="pass">indexofTest = 10</teststep>
    <verdict time="2025-03-07 16:02:00" timestamp="  76.688895" endtime="2025-03-07 16:02:08" endtimestamp="  84.688895" result="pass" />
    <title>EE_REQ_2034</title>
  </testcase>
  <testcase starttime="2025-03-07 16:02:08" timestamp="  84.688895">
    <teststep timestamp="  84.688895" level="0" type="user" ident="Sequence Started" result="na">Starting the sequence with a 1000ms delay.</teststep>
    <teststep timestamp="  84.988895" level="0" type="user" ident="" result="na">Step 1: Set Sleep</teststep>
    <teststep timestamp="  84.988895" level="0" type="user" ident="" result="na">Started vsmInfoTimer for cyclic sending.</teststep>
    <teststep timestamp="  85.288895" level="0" type="user" ident="" result="na">Step 2: Set SDS Steering validity to Valid</teststep>
    <teststep timestamp="  85.288895" level="0" type="user" ident="" result="na">Started primSteeringTimer and secSteeringTimer for cyclic sending.</teststep>
    <teststep timestamp="  85.588895" level="0" type="user" ident="" result="na">Step 3: Set Brake Validity to Valid</teststep>
    <teststep timestamp="  85.588895" level="0" type="user" ident="" result="na">Started vehMvmntInfoTimer for cyclic sending.</teststep>
    <teststep timestamp="  85.888895" level="0" type="user" ident="" result="na">Step 4: Set Park</teststep>
    <teststep timestamp="  86.188895" level="0" type="user" ident="" result="na">Step 5: Set Autonomous</teststep>
    <teststep timestamp="  86.488895" level="0" type="user" ident="" result="na">Step 2: Set SDS Steering validity to Valid</teststep>
    <teststep timestamp="  86.488895" level="0" type="user" ident="" result="na">Step 6: Set Steering Values</teststep>
    <teststep timestamp="  86.788895" level="0" type="user" ident="" result="na">Sequence Completed</teststep>
    <teststep timestamp="  92.688895" level="1" type="auto" ident="Resume reason" result="na">Elapsed time=8000ms (max=8000ms)</teststep>
    <teststep timestamp="  92.688895" type="user" ident="" result="pass">EE_REQ_11458  State Transition from Test Drive Mode to Autonomous and Manual Mode Passed!</teststep>
    <teststep timestamp="  92.688895" level="0" type="user" ident="Test Step" result="pass">indexofTest = 11</teststep>
    <verdict time="2025-03-07 16:02:08" timestamp="  84.688895" endtime="2025-03-07 16:02:16" endtimestamp="  92.688895" result="pass" />
    <title>EE_REQ_11458</title>
  </testcase>
  <testcase starttime="2025-03-07 16:02:16" timestamp="  92.688895">
    <teststep timestamp="  92.688895" level="0" type="user" ident="Sequence Started" result="na">Starting the sequence with a 1000ms delay.</teststep>
    <teststep timestamp="  92.988895" level="0" type="user" ident="" result="na">Step 1: Set Sleep</teststep>
    <teststep timestamp="  92.988895" level="0" type="user" ident="" result="na">Started vsmInfoTimer for cyclic sending.</teststep>
    <teststep timestamp="  93.288895" level="0" type="user" ident="" result="na">Step 2: Set SDS Steering validity to Valid</teststep>
    <teststep timestamp="  93.288895" level="0" type="user" ident="" result="na">Started primSteeringTimer and secSteeringTimer for cyclic sending.</teststep>
    <teststep timestamp="  93.588895" level="0" type="user" ident="" result="na">Step 3: Set Brake Validity to Valid</teststep>
    <teststep timestamp="  93.588895" level="0" type="user" ident="" result="na">Started vehMvmntInfoTimer for cyclic sending.</teststep>
    <teststep timestamp="  93.888895" level="0" type="user" ident="" result="na">Step 4: Set Park</teststep>
    <teststep timestamp="  94.188895" level="0" type="user" ident="" result="na">Step 5: Set Autonomous</teststep>
    <teststep timestamp="  94.488895" level="0" type="user" ident="" result="na">Step 2: Set SDS Steering validity to Valid</teststep>
    <teststep timestamp="  94.488895" level="0" type="user" ident="" result="na">Step 6: Set Steering Values</teststep>
    <teststep timestamp="  94.788895" level="0" type="user" ident="" result="na">Sequence Completed</teststep>
    <teststep timestamp=" 100.688895" level="1" type="auto" ident="Resume reason" result="na">Elapsed time=8000ms (max=8000ms)</teststep>
    <teststep timestamp=" 100.688895" type="user" ident="" result="pass">EE_REQ_11454  State Transition into Autonomous Mode Passed!</teststep>
    <teststep timestamp=" 100.688895" level="0" type="user" ident="Test Step" result="pass">indexofTest = 12</teststep>
    <verdict time="2025-03-07 16:02:16" timestamp="  92.688895" endtime="2025-03-07 16:02:24" endtimestamp=" 100.688895" result="pass" />
    <title>EE_REQ_11454</title>
  </testcase>
  <testcase starttime="2025-03-07 16:02:24" timestamp=" 100.688895">
    <teststep timestamp=" 100.688895" level="0" type="user" ident="Sequence Started" result="na">Starting the sequence with a 1000ms delay.</teststep>
    <teststep timestamp=" 100.988895" level="0" type="user" ident="" result="na">Step 1: Set Sleep</teststep>
    <teststep timestamp=" 100.988895" level="0" type="user" ident="" result="na">Started vsmInfoTimer for cyclic sending.</teststep>
    <teststep timestamp=" 101.288895" level="0" type="user" ident="" result="na">Step 2: Set SDS Steering validity to Valid</teststep>
    <teststep timestamp=" 101.288895" level="0" type="user" ident="" result="na">Started primSteeringTimer and secSteeringTimer for cyclic sending.</teststep>
    <teststep timestamp=" 101.588895" level="0" type="user" ident="" result="na">Step 3: Set Brake Validity to Valid</teststep>
    <teststep timestamp=" 101.588895" level="0" type="user" ident="" result="na">Started vehMvmntInfoTimer for cyclic sending.</teststep>
    <teststep timestamp=" 101.888895" level="0" type="user" ident="" result="na">Step 4: Set Park</teststep>
    <teststep timestamp=" 102.188895" level="0" type="user" ident="" result="na">Step 5: Set Autonomous</teststep>
    <teststep timestamp=" 102.488895" level="0" type="user" ident="" result="na">Step 2: Set SDS Steering validity to Valid</teststep>
    <!-- Measurement stop forced. Test is incomplete! -->
    <verdict time="2025-03-07 16:02:26" timestamp=" 102.488895" endtime="2025-03-07 16:02:26" endtimestamp=" 102.488895" result="fail" />
    <title>EE_REQ_15303</title>
    <extendedinfo type="html"><![CDATA[<b>Measurement stop forced. Test is incomplete!</b>]]></extendedinfo>
  </testcase>
  <verdict time="2025-03-07 16:00:56" timestamp="  12.592664" endtime="2025-03-07 16:02:26" endtimestamp=" 102.488895" result="fail" />
  <title>ISCS_Test</title>
  <testlogfiles>
    <testlogfile file="..\..\..\Downloads\Steering_Test_Logs\Steering_FT.blf" logbegin="Active at test start" logend=" 102.488895" />
  </testlogfiles>
  <engineer>
    <xinfo>
      <name>Windows Login Name</name>
      <description>arabk</description>
    </xinfo>
  </engineer>
  <testsetup>
    <xinfo>
      <name>Version</name>
      <description>CANoe.J1939.CAN /pro 17.5.5 (SP5)</description>
    </xinfo>
    <xinfo>
      <name>Configuration</name>
      <description>C:\Users\arabk\Desktop\Holon\configs\Steering_CANoe_Config_SW3.1\DBC_SW030201_Chassis1_CAN.cfg</description>
    </xinfo>
    <xinfo>
      <name>Database Chassis1CAN_DBCV9.1_SWV3.1 on CHASSIS1CAN</name>
      <description>C:\Users\arabk\Desktop\Holon\configs\Steering_CANoe_Config_SW3.1\Chassis1CAN_DBCV9.1_SWV3.1.dbc (2025-02-06 17:33:48)</description>
    </xinfo>
    <xinfo>
      <name>Database Chassis2CAN_DBCV9.2_SWV3.1 on CHASSIS2CAN</name>
      <description>C:\Users\arabk\Desktop\Holon\configs\Steering_CANoe_Config_SW3.1\Chassis2CAN_DBCV9.2_SWV3.1.dbc (2025-02-06 17:33:48)</description>
    </xinfo>
    <xinfo>
      <name>Diagnostic Description of ISCS1</name>
      <description>Base_Variant, en-US, C:\Users\arabk\Desktop\Holon\configs\Steering_CANoe_Config_SW3.1\ISCS1_BLD7_SW3.2_V3.cdd (ISCS1_BLD7_SW3.2_V3.cdd, 2024-12-13 13:51:32+05:30)</description>
    </xinfo>
    <xinfo>
      <name>Diagnostic Description of ISCS2</name>
      <description>Base_Variant, en-US, C:\Users\arabk\Desktop\Holon\configs\Steering_CANoe_Config_SW3.1\ISCS2_BLD7_SW3.2_V3.cdd (ISCS2_BLD7_SW3.2_V3.cdd, 2024-12-13 13:56:24+05:30)</description>
    </xinfo>
    <xinfo>
      <name>Test Module Name</name>
      <description>ISCS_Test</description>
    </xinfo>
    <xinfo>
      <name>Test Module File</name>
      <description>C:\Users\arabk\Desktop\Holon\configs\Steering_CANoe_Config_SW3.1\icscTest.can</description>
    </xinfo>
    <xinfo>
      <name>Last modification of Test Module File</name>
      <description>2025-03-07, 16:00:36</description>
    </xinfo>
    <xinfo>
      <name>Windows Computer Name</name>
      <description>GARENWINTEC</description>
    </xinfo>
    <xinfo>
      <name>Nodelayer Module CANoeILNLVector</name>
      <description>CANoe Interaction Layer NL (Vector) Version 3.30.113 (Feb 16 2023 15:33:52) , C:\Users\arabk\Desktop\Holon\configs\Steering_CANoe_Config_SW3.1\Exec32\CANoe_14_0\Exec32\CANoeILNLVector.dll</description>
    </xinfo>
  </testsetup>
  <hardware name="CAN Channel Interfaces" category="CategoryCANIF">
    <xinfoset type="device">
      <xinfoobject type="device">
      <xinfo key="channel">
        <name>Channel</name>
        <description>1</description>
      </xinfo>
      <xinfo key="device">
        <name>Device</name>
        <description>VN1640</description>
      </xinfo>
      <xinfo key="serialnumber">
        <name>Serial number</name>
        <description>84632</description>
      </xinfo>
      <xinfo key="driverdllversion">
        <name>Driver DLL version</name>
        <description>25.10.18</description>
      </xinfo>
      <xinfo key="driverversion">
        <name>Driver version</name>
        <description>24.40.10</description>
      </xinfo>
      </xinfoobject>
      <xinfoobject type="device">
      <xinfo key="channel">
        <name>Channel</name>
        <description>2</description>
      </xinfo>
      <xinfo key="device">
        <name>Device</name>
        <description>VN1640</description>
      </xinfo>
      <xinfo key="serialnumber">
        <name>Serial number</name>
        <description>84632</description>
      </xinfo>
      <xinfo key="driverdllversion">
        <name>Driver DLL version</name>
        <description>25.10.18</description>
      </xinfo>
      <xinfo key="driverversion">
        <name>Driver version</name>
        <description>24.40.10</description>
      </xinfo>
      </xinfoobject>
    </xinfoset>
  </hardware>
  <extendedinfo type="html"><![CDATA[<b>Measurement stop forced. Test is incomplete!</b>]]></extendedinfo>
</testmodule>
<!--footprint="e689c009814eaaf5ed9e6ba9fd74a85f" version="1"-->
